id,created_date,updated_date,email,full_name,disabled,is_verified,app_id,is_service,_app_role,role,age_verified,last_active,is_online,solana_wallet_address,display_name,bio,occupation,home_city,love_token_balance,photos,date_of_birth,gender,body_type,skin_tone,ethnicity,hair_color,eye_color,height_cm,has_tattoos,has_piercings,education,tags,relationship_goals,lifestyle_preferences,is_content_creator,membership_tier,daily_likes_remaining,love2_token_balance,verification_count,account_type,onboarding_completed,gender_preference,referral_code,membership_expires_at,precise_location_active,current_latitude,current_longitude,discovery_preferences,video_enabled,creator_verified,creator_verification_level,creator_verified_at
6918a298b454efddafcd483e,2025-11-15T15:56:08.774000,2025-11-15T16:00:52.387000,serenaathena@yahoo.com,serenaathena,,true,690ed07a792bc838bbe3bcb0,false,user,user,,,,,,,,,,,,,,,,,,,,,,,,,,,,,,,,,,,,,,,,,,
6917aec049479d566d27504f,2025-11-14T22:35:44.380000,2025-11-14T22:38:35.313000,alexmendozacff@hotmail.com,alexmendozacff,,true,690ed07a792bc838bbe3bcb0,false,user,user,true,2025-11-14T22:38:35.205Z,true,,,,,,,,,,,,,,,,,,,,,,,,,,,,,,,,,,,,,,,
6913be791c36d690e1f4ba95,2025-11-11T22:53:45.037000,2025-11-11T22:53:49.619000,bondstianna@gmail.com,Chris Monty,,true,690ed07a792bc838bbe3bcb0,false,user,user,true,,,,,,,,,,,,,,,,,,,,,,,,,,,,,,,,,,,,,,,,,
6913b94cc576e97b1e6f008f,2025-11-11T22:31:40.136000,2025-11-11T23:56:43.740000,shane@omegaultra.com,shane,,true,690ed07a792bc838bbe3bcb0,false,user,user,true,2025-11-11T23:56:43.786Z,true,2HD7mdV5ziyU3cZtVpwC4WsLYZmJJBC8HDo9SkpJEtDu,,,,,,,,,,,,,,,,,,,,,,,,,,,,,,,,,,,,,,
6913b7bb88f046f7e7eb17c5,2025-11-11T22:24:59.420000,2025-11-11T23:19:09.426000,tbonds_22@yahoo.com,Tianna Stanberry,,true,690ed07a792bc838bbe3bcb0,false,user,user,true,,,E6ydkfRGAdG9VHDbky8HRVZjLKzrd63qo7LBS1kGScJx,,,,,,,,,,,,,,,,,,,,,,,,,,,,,,,,,,,,,,
69138698a53c5efc68ced08c,2025-11-11T18:55:20.162000,2025-11-11T18:55:20.162000,tianna.bonds@gmail.com,tianna.bonds,,true,690ed07a792bc838bbe3bcb0,false,user,user,,,,,,,,,,,,,,,,,,,,,,,,,,,,,,,,,,,,,,,,,,
6913700dc95fce8df684426f,2025-11-11T17:19:09.989000,2025-11-25T02:15:40.088000,mclegg_00@yahoo.com,mclegg_00,,true,690ed07a792bc838bbe3bcb0,false,user,user,true,2025-11-25T02:15:39.795Z,true,,Twin pilot for fun,Las Vegas local. Love to fly and meet new friends. ,Retire soon,Las vegas,1000,"[{""url"":""https://base44.app/api/apps/690ed07a792bc838bbe3bcb0/files/public/690ed07a792bc838bbe3bcb0/8b035546c_IMG_2036.jpeg"",""is_primary"":true,""is_plus_only"":false}]",,,,,,,,,,,,,,,,,,,,,,,,,,,,,,,,
6912927c2c3f3c4fb6a67c43,2025-11-11T01:33:48.339000,2025-11-11T01:35:21.895000,19louis73@gmail.com,19louis73,,true,690ed07a792bc838bbe3bcb0,false,user,user,true,,,,,,,,,,,,,,,,,,,,,,,,,,,,,,,,,,,,,,,,,
690fd423fdc2cf5642e3765a,2025-11-08T23:37:07.637000,2025-11-09T00:04:18.861000,nadia.ahmed30@example.com,nadia.ahmed30,,true,690ed07a792bc838bbe3bcb0,false,user,user,true,,,,Sofia,"Adventure seeker and coffee enthusiast who loves exploring hidden gems in the city. Whether I'm painting a mural or trying out a new recipe, I'm always up for a creative challenge.",Graphic Designer,"Chicago, IL",194,"[{""url"":""https://images.unsplash.com/photo-1517841905240-472988babdf9?w=800"",""is_primary"":true,""is_plus_only"":false},{""url"":""https://images.unsplash.com/photo-1494790108377-be9c29b29330?w=800"",""is_primary"":false,""is_plus_only"":false},{""url"":""https://images.unsplash.com/photo-1502823403499-6ccfcf4fb453?w=800"",""is_primary"":false,""is_plus_only"":false},{""url"":""https://images.unsplash.com/photo-1524504388940-b1c1722653e1?w=800"",""is_primary"":false,""is_plus_only"":false}]",1996-08-19,female,curvy,olive,hispanic,brown,hazel,165,true,true,bachelors,"[""Travel"",""Art"",""Cooking"",""Photography"",""Adventure""]","[""Long-term relationship"",""Open to anything""]","[]",false,plus,999,81,0,personal,true,"[""male""]",,,,,,,,,,
690fd41116c3451082180ad3,2025-11-08T23:36:49.791000,2025-11-09T00:04:14.846000,david.keller45@example.com,david.keller45,,true,690ed07a792bc838bbe3bcb0,false,user,user,true,,,,Lila,"A lover of all things nature and a part-time painter, I find joy in the little things, whether it's a good cup of coffee or a sunset hike. You'll often find me at local art galleries or trying out new vegan recipes at home.",Environmental Scientist,"Portland, OR",157,"[{""url"":""https://images.unsplash.com/photo-1494790108377-be9c29b29330?w=800"",""is_primary"":true,""is_plus_only"":false},{""url"":""https://images.unsplash.com/photo-1502823403499-6ccfcf4fb453?w=800"",""is_primary"":false,""is_plus_only"":false},{""url"":""https://images.unsplash.com/photo-1524504388940-b1c1722653e1?w=800"",""is_primary"":false,""is_plus_only"":false}]",1993-03-18,female,average,light,caucasian,brown,green,165,true,false,masters,"[""Nature"",""Cooking"",""Art"",""Travel"",""Photography""]","[""Long-term relationship"",""New friends""]","[]",false,standard,50,71,1,personal,true,"[""male""]",,,,,,,,,,
690fd3f622a1a4cd1492b5a4,2025-11-08T23:36:22.345000,2025-11-09T00:04:10.572000,taylor.lee25@example.com,taylor.lee25,,true,690ed07a792bc838bbe3bcb0,false,user,user,true,,,,Ethan,"A Nashville native with a passion for country music and adventure. When I'm not playing guitar or exploring the great outdoors, you can find me trying out new recipes in the kitchen or sipping coffee at a local café.",Music Producer,"Nashville, TN",556,"[{""url"":""https://images.unsplash.com/photo-1519085360753-af0119f7cbe7?w=800"",""is_primary"":true,""is_plus_only"":false},{""url"":""https://images.unsplash.com/photo-1500648767791-00dcc994a43e?w=800"",""is_primary"":false,""is_plus_only"":false},{""url"":""https://images.unsplash.com/photo-1539571696357-5a69c17a67c6?w=800"",""is_primary"":false,""is_plus_only"":false},{""url"":""https://images.unsplash.com/photo-1531123897727-8f129e1688ce?w=800"",""is_primary"":false,""is_plus_only"":false}]",1993-05-23,male,average,light,caucasian,brown,blue,180,true,false,bachelors,"[""Music"",""Food"",""Travel"",""Adventure"",""Cooking""]","[""Long-term relationship"",""New friends""]","[]",false,standard,50,92,0,personal,true,"[""female""]",,,,,,,,,,
690fd3e293f88357eee52b55,2025-11-08T23:36:02.403000,2025-11-09T00:04:06.163000,samantha.reid26@example.com,samantha.reid26,,true,690ed07a792bc838bbe3bcb0,false,user,user,true,,,,Ethan,"A Boston native who loves exploring the city's hidden gems. When I'm not working as a software developer, you can find me playing guitar, indulging in gourmet coffee, or hiking the scenic trails in New England.",Software Developer,"Boston, MA",176,"[{""url"":""https://images.unsplash.com/photo-1506794778202-cad84cf45f1d?w=800"",""is_primary"":true,""is_plus_only"":false},{""url"":""https://images.unsplash.com/photo-1531123897727-8f129e1688ce?w=800"",""is_primary"":false,""is_plus_only"":false},{""url"":""https://images.unsplash.com/photo-1507003211169-0a1dd7228f2d?w=800"",""is_primary"":false,""is_plus_only"":false},{""url"":""https://images.unsplash.com/photo-1539571696357-5a69c17a67c6?w=800"",""is_primary"":false,""is_plus_only"":false}]",1996-01-15,male,average,light,caucasian,brown,blue,178,false,false,bachelors,"[""Travel"",""Music"",""Food"",""Nature"",""Photography""]","[""Long-term relationship"",""New friends""]","[]",false,standard,50,70,1,personal,true,"[""female""]",,,,,,,,,,
690fd3d1d0904369bac9a377,2025-11-08T23:35:45.792000,2025-11-09T00:04:01.164000,andre.vasquez28@example.com,andre.vasquez28,,true,690ed07a792bc838bbe3bcb0,false,user,user,true,,,,Marcus,"Adventurer at heart and chef in the kitchen, I love exploring local eateries and hiking the Texas hill country. When I'm not working as a software developer, you'll find me jamming out at live music shows or diving into a good sci-fi novel.",Software Developer,"Austin, TX",121,"[{""url"":""https://images.unsplash.com/photo-1531123897727-8f129e1688ce?w=800"",""is_primary"":true,""is_plus_only"":false},{""url"":""https://images.unsplash.com/photo-1521119989659-a83eee488004?w=800"",""is_primary"":false,""is_plus_only"":false}]",1996-01-17,male,average,medium,hispanic,brown,hazel,180,true,false,bachelors,"[""Travel"",""Food"",""Music"",""Adventure"",""Photography""]","[""Long-term relationship"",""New friends""]","[]",false,standard,50,44,1,personal,true,"[""female""]",,,,,,,,,,
690fd3bb978bbeff65d5b3e8,2025-11-08T23:35:23.091000,2025-11-09T00:03:55.517000,elena.perez40@example.com,elena.perez40,,true,690ed07a792bc838bbe3bcb0,false,user,user,true,,,,Ella,"Creative soul and passionate traveler! When I'm not curating art exhibits, you'll find me hiking with my rescue dog or jamming out at local music shows. Always ready for an adventure!",Art Curator,"Nashville, TN",204,"[{""url"":""https://images.unsplash.com/photo-1529626455594-4ff0802cfb7e?w=800"",""is_primary"":true,""is_plus_only"":false},{""url"":""https://images.unsplash.com/photo-1524504388940-b1c1722653e1?w=800"",""is_primary"":false,""is_plus_only"":false},{""url"":""https://images.unsplash.com/photo-1494790108377-be9c29b29330?w=800"",""is_primary"":false,""is_plus_only"":false},{""url"":""https://images.unsplash.com/photo-1517841905240-472988babdf9?w=800"",""is_primary"":false,""is_plus_only"":false}]",1993-05-03,female,average,tan,mixed,brown,green,168,true,false,masters,"[""Travel"",""Music"",""Art"",""Pets"",""Adventure""]","[""Long-term relationship"",""New friends""]","[]",false,standard,50,18,1,personal,true,"[""male""]",,,,,,,,,,
690fd3a357705f2408128df6,2025-11-08T23:34:59.994000,2025-11-09T00:03:50.960000,kenji.tanaka34@example.com,kenji.tanaka34,,true,690ed07a792bc838bbe3bcb0,false,user,user,true,,,,Eli,"Adventure seeker and coffee enthusiast. When I’m not exploring the great outdoors, you can find me at a local vinyl shop searching for hidden gems or trying out new recipes at home. Let's swap stories over a cup of brew!",Environmental Scientist,"Portland, OR",577,"[{""url"":""https://images.unsplash.com/photo-1500648767791-00dcc994a43e?w=800"",""is_primary"":true,""is_plus_only"":false},{""url"":""https://images.unsplash.com/photo-1521119989659-a83eee488004?w=800"",""is_primary"":false,""is_plus_only"":false},{""url"":""https://images.unsplash.com/photo-1531123897727-8f129e1688ce?w=800"",""is_primary"":false,""is_plus_only"":false},{""url"":""https://images.unsplash.com/photo-1542909168-82c3e7fdca44?w=800"",""is_primary"":false,""is_plus_only"":false}]",1993-12-27,male,average,light,caucasian,brown,green,180,true,false,masters,"[""Travel"",""Food"",""Photography"",""Nature"",""Cooking""]","[""Long-term relationship"",""New friends""]","[]",false,plus,999,23,1,personal,true,"[""female""]",,,,,,,,,,
690fd393a27989c07543b560,2025-11-08T23:34:43.306000,2025-11-09T00:03:45.245000,aaliyah.james23@example.com,aaliyah.james23,,true,690ed07a792bc838bbe3bcb0,false,user,user,true,,,,Lila,A coffee enthusiast with a love for the great outdoors and spontaneous road trips. You'll find me cycling along the river or curled up with a good book in a cozy café.,Graphic Designer,"Portland, OR",225,"[{""url"":""https://images.unsplash.com/photo-1488426862026-3ee34a7d66df?w=800"",""is_primary"":true,""is_plus_only"":false},{""url"":""https://images.unsplash.com/photo-1517841905240-472988babdf9?w=800"",""is_primary"":false,""is_plus_only"":false},{""url"":""https://images.unsplash.com/photo-1502823403499-6ccfcf4fb453?w=800"",""is_primary"":false,""is_plus_only"":false}]",1996-03-07,female,average,light,mixed,brown,green,165,false,true,bachelors,"[""Coffee"",""Nature"",""Reading"",""Travel"",""Art""]","[""Long-term relationship"",""New friends""]","[]",false,plus,999,56,1,personal,true,"[""male""]",,,,,,,,,,
690fd37c5db795a5ad7da2e4,2025-11-08T23:34:20.377000,2025-11-09T00:03:40.893000,marcus.cole32@example.com,marcus.cole32,,true,690ed07a792bc838bbe3bcb0,false,user,user,true,,,,Jake,"Adventure-seeker and dog dad who believes life is better with a little spontaneity. Whether it's hiking in the mountains or exploring the local food scene, I'm all about creating unforgettable experiences.",Outdoor Adventure Guide,"Phoenix, AZ",125,"[{""url"":""https://images.unsplash.com/photo-1500648767791-00dcc994a43e?w=800"",""is_primary"":true,""is_plus_only"":false},{""url"":""https://images.unsplash.com/photo-1531123897727-8f129e1688ce?w=800"",""is_primary"":false,""is_plus_only"":false},{""url"":""https://images.unsplash.com/photo-1539571696357-5a69c17a67c6?w=800"",""is_primary"":false,""is_plus_only"":false},{""url"":""https://images.unsplash.com/photo-1507003211169-0a1dd7228f2d?w=800"",""is_primary"":false,""is_plus_only"":false}]",1993-11-03,male,athletic,tan,mixed,brown,green,180,true,false,bachelors,"[""Travel"",""Fitness"",""Food"",""Nature"",""Adventure"",""Photography""]","[""Long-term relationship"",""Casual dating""]","[]",false,plus,999,86,1,personal,true,"[""female""]",,,,,,,,,,
690fd361cc851c21ce715947,2025-11-08T23:33:53.637000,2025-11-09T00:03:35.850000,zoe.andrews29@example.com,zoe.andrews29,,true,690ed07a792bc838bbe3bcb0,false,user,user,true,,,,Ethan,Adventure seeker and music lover who spends weekends exploring Nashville's hidden gems. I believe in living life to the fullest—whether that's hiking in the Smokies or jamming at a local open mic.,Graphic Designer,"Nashville, TN",257,"[{""url"":""https://images.unsplash.com/photo-1542909168-82c3e7fdca44?w=800"",""is_primary"":true,""is_plus_only"":false},{""url"":""https://images.unsplash.com/photo-1506794778202-cad84cf45f1d?w=800"",""is_primary"":false,""is_plus_only"":false},{""url"":""https://images.unsplash.com/photo-1521119989659-a83eee488004?w=800"",""is_primary"":false,""is_plus_only"":false},{""url"":""https://images.unsplash.com/photo-1539571696357-5a69c17a67c6?w=800"",""is_primary"":false,""is_plus_only"":false}]",1997-11-25,male,athletic,medium,caucasian,brown,green,182,true,false,bachelors,"[""Travel"",""Music"",""Food"",""Photography"",""Adventure""]","[""Long-term relationship"",""Open to anything""]","[]",false,standard,50,23,0,personal,true,"[""female""]",,,,,,,,,,
690fd34f21c9f4d36350e6c8,2025-11-08T23:33:35.152000,2025-11-09T00:03:30.164000,jasmine.robinson27@example.com,jasmine.robinson27,,true,690ed07a792bc838bbe3bcb0,false,user,user,true,,,,Diego,"Passionate about finding the perfect taco truck and exploring every hiking trail in Arizona. When I'm not chasing sunsets, you'll find me jamming out at local music spots or diving into a good sci-fi novel.",Environmental Scientist,"Phoenix, AZ",442,"[{""url"":""https://images.unsplash.com/photo-1507003211169-0a1dd7228f2d?w=800"",""is_primary"":true,""is_plus_only"":false},{""url"":""https://images.unsplash.com/photo-1500648767791-00dcc994a43e?w=800"",""is_primary"":false,""is_plus_only"":false},{""url"":""https://images.unsplash.com/photo-1519085360753-af0119f7cbe7?w=800"",""is_primary"":false,""is_plus_only"":false},{""url"":""https://images.unsplash.com/photo-1531123897727-8f129e1688ce?w=800"",""is_primary"":false,""is_plus_only"":false}]",1993-03-22,male,athletic,tan,hispanic,black,hazel,180,true,false,bachelors,"[""Travel"",""Food"",""Nature"",""Music"",""Photography"",""Adventure""]","[""Long-term relationship"",""Open to anything""]","[]",false,standard,50,13,0,personal,true,"[""female""]",,,,,,,,,,
690f690d9752fef63409999f,2025-11-08T16:00:13.735000,2025-11-08T16:04:28.863000,wedavis05@yahoo.com,wedavis05,,true,690ed07a792bc838bbe3bcb0,false,user,user,,,,,COFun,,,Grand Junction ,,,,,,,,,,,,,,,,,,,,,,,,,,,,,,,,,,
690f681440fec7f279050045,2025-11-08T15:56:04.680000,2025-11-08T15:56:31,emporium2892@gmail.com,emporium2892,,true,690ed07a792bc838bbe3bcb0,false,user,user,,,,,,,,,,,,,,,,,,,,,,,,,,,,,,,,,,,,,,,,,,
690f63ed561a1e34f7660af9,2025-11-08T15:38:21.095000,2025-11-08T15:38:47.550000,comntlion@yahoo.com,comntlion,,true,690ed07a792bc838bbe3bcb0,false,user,user,,,,,,,,,,,,,,,,,,,,,,,,,,,,,,,,,,,,,,,,,,
690f6094ff64e77034ac2785,2025-11-08T15:24:04.401000,2025-11-14T15:19:50.678000,foxhound1814@gmail.com,Shane Bailey,,true,690ed07a792bc838bbe3bcb0,false,user,user,true,2025-11-14T15:19:50.606Z,true,,NesterYester,Me testing,,Los Angeles ,5,,,,,,,,,,,,,,,,,,,,,,,,LOVEKCXK02,,,,,,,,,
690ed07a792bc838bbe3bcb1,2025-11-08T05:09:14.660000,2025-11-25T12:16:57.935000,gamedesign2030@gmail.com,Tehran Shane Bailey,,true,690ed07a792bc838bbe3bcb0,false,admin,admin,true,2025-11-25T00:02:14.293Z,true,Dzhht7j35bPF2itTnKr3aAPmCwmeTPn8ZF88PvoKuLx4,,,,Las Vegas,60,"[{""url"":""https://base44.app/api/apps/690ed07a792bc838bbe3bcb0/files/public/690ed07a792bc838bbe3bcb0/787ec29da_39563060274_23e58ebf47_o1.jpg"",""is_primary"":true,""is_plus_only"":false}]",,,,,,,,,,,,,,,true,plus,994,,1,,,,LOVEQZBN9Y,2099-12-31T23:59:59Z,false,,,"{""age_min"":18,""age_max"":99,""distance_max"":50,""body_types"":[],""ethnicities"":[],""hair_colors"":[],""hair_lengths"":[],""hair_styles"":[],""tattoos_preference"":""any"",""tattoo_levels"":[],""piercings_preference"":""any"",""smokes_preference"":""any"",""content_creators_only"":false,""breast_sizes"":[],""breast_cups"":[],""breast_types"":[],""implants_preference"":""any"",""ass_types"":[],""pornstars_only"":false}",true,true,elite,2025-11-12T02:06:26.559Z